"TIV of arms exports from all, 1950-2022",,,,,,,,,,,,,,,,,,,,,,,,,,,,,,,,,,,,,,,,,,,,,,,,,,,,,,,,,,,,,,,,,,,,,,,,,,,
Figures are SIPRI Trend Indicator Values (TIVs) expressed in millions.,,,,,,,,,,,,,,,,,,,,,,,,,,,,,,,,,,,,,,,,,,,,,,,,,,,,,,,,,,,,,,,,,,,,,,,,,,,
Figures may not add up due to the conventions of rounding.,,,,,,,,,,,,,,,,,,,,,,,,,,,,,,,,,,,,,,,,,,,,,,,,,,,,,,,,,,,,,,,,,,,,,,,,,,,
A '0' indicates that the value of deliveries is less than 0.5m,,,,,,,,,,,,,,,,,,,,,,,,,,,,,,,,,,,,,,,,,,,,,,,,,,,,,,,,,,,,,,,,,,,,,,,,,,,
"For more information, see http://www.sipri.org/databases/armstransfers/sources-and-methods/",,,,,,,,,,,,,,,,,,,,,,,,,,,,,,,,,,,,,,,,,,,,,,,,,,,,,,,,,,,,,,,,,,,,,,,,,,,
,,,,,,,,,,,,,,,,,,,,,,,,,,,,,,,,,,,,,,,,,,,,,,,,,,,,,,,,,,,,,,,,,,,,,,,,,,,
,,,,,,,,,,,,,,,,,,,,,,,,,,,,,,,,,,,,,,,,,,,,,,,,,,,,,,,,,,,,,,,,,,,,,,,,,,,
Source: SIPRI Arms Transfers Database,,,,,,,,,,,,,,,,,,,,,,,,,,,,,,,,,,,,,,,,,,,,,,,,,,,,,,,,,,,,,,,,,,,,,,,,,,,
Generated: 19 December 2023,,,,,,,,,,,,,,,,,,,,,,,,,,,,,,,,,,,,,,,,,,,,,,,,,,,,,,,,,,,,,,,,,,,,,,,,,,,
,,,,,,,,,,,,,,,,,,,,,,,,,,,,,,,,,,,,,,,,,,,,,,,,,,,,,,,,,,,,,,,,,,,,,,,,,,,
,1950,1951,1952,1953,1954,1955,1956,1957,1958,1959,1960,1961,1962,1963,1964,1965,1966,1967,1968,1969,1970,1971,1972,1973,1974,1975,1976,1977,1978,1979,1980,1981,1982,1983,1984,1985,1986,1987,1988,1989,1990,1991,1992,1993,1994,1995,1996,1997,1998,1999,2000,2001,2002,2003,2004,2005,2006,2007,2008,2009,2010,2011,2012,2013,2014,2015,2016,2017,2018,2019,2020,2021,2022,Total
Albania,,,,,,,,,,,,,,,,,,,,,,,,,,,,,,,,,,,,,,,,,,,,,,,,,,,,,,,,,,,,,,0,,,,,,,,,,,,0
Algeria,,,,,,,,,,,,,,,,,,,6,,,,,,,,,,,,6,,,,,,,,,,,,,,,,,,,,,,,,,,,,,,,,,,,,0,,,,,,,12
Angola,,,,,,,,,,,,,,,,,,,,,,,,,,,,,,3,0,,,,,,,,,,,,,,,,,,,,,,2,,,,,,,,,,,,,,,,,,,,,5
Argentina,,,,,,,,,,,,,6,,4,,,0,8,,0,,11,,,,1,,,8,1,27,3,1,,,,4,0,,6,0,,13,5,5,,,,,2,,2,,,,2,,,,,1,,,,,,,,,,,,111
Armenia,,,,,,,,,,,,,,,,,,,,,,,,,,,,,,,,,,,,,,,,,,,,,,,,,,,,,,,,,4,,,,,,,,,,,,,,,,,4
Aruba,,,,,,,,,,,,,,,,,,,,,,,,,,,,,,,,,,,,,,,,,,,,,,,18,,,,,,,,,,,,,,,,,,,,,,,,,,,18
Australia,,,36,,,125,,,,,,2,4,,,,,,,26,17,36,6,72,92,131,113,62,21,22,15,17,26,31,62,10,57,89,18,18,168,90,,30,36,36,16,20,4,,,43,47,44,2,49,26,52,56,84,137,143,45,54,97,87,135,100,39,104,413,188,33,3486
Austria,,,,,,,,,,,,,,,0,0,1,1,1,1,1,1,1,1,0,0,,,37,126,54,70,61,58,60,248,40,30,12,12,30,20,20,10,17,,18,1,29,23,23,17,83,2,3,3,62,99,15,44,53,52,23,28,16,10,17,22,7,3,9,23,14,1606
Bahamas,,,,,,,,,,,,,,,,,,,,,,,,,,,,,,,,,,,,,,,,,,,,,,,,,,,,,,,,,,,,,,,,,,0,,,,,,,,0
Bahrain,,,,,,,,,,,,,,,,,,,,,,,,,,,,,,,,,,,,,,,,,,,,,,,,,,,,2,,,,,,,,,,,,,,,,,,,,,,2
Bangladesh,,,,,,,,,,,,,,,,,,,,,,,,,,,,,,,,,,,2,,,,,,,,,,,,,,,,,,,,,,,,,,,,,,,,,,,,,,,2
Belarus,,,,,,,,,,,,,,,,,,,,,,,,,,,,,,,,,,,,,,,,,,,,8,,7,129,402,63,452,293,49,63,57,19,53,43,6,224,41,161,98,97,269,101,142,151,50,78,159,59,98,57,3430
Belgium,,,,,,,29,,,,3,0,2,0,0,,12,,,5,,0,,,,,,,2,3,1,19,41,89,115,3,19,,18,36,1,1,,,39,161,61,93,46,62,46,37,34,15,47,160,59,32,223,243,12,111,22,55,10,12,7,17,21,57,27,92,121,2320
Bosnia-Herzegovina,,,,,,,,,,,,,,,,,,,,,,,,,,,,,,,,,,,,,,,,,,,,,,,,,,,,,9,,,,,,,,,14,,3,,,,,,,,,,25
Brazil,,,,,,,,,,,2,12,,,,,,,,18,,0,,,32,58,104,144,183,73,159,68,123,200,275,207,138,216,206,53,106,127,98,40,54,38,27,27,18,,,,20,,46,1,44,53,92,43,143,31,33,30,30,51,121,36,100,10,162,84,6,3940
Brunei,,,,,,,,,,,,,,,,,,,,,,,,,,,,,,,,,,,,,,,,,,,,,,,,,,,,,,,,,,,,,,24,,,,,12,,,,,,,36
Bulgaria,,,,,,,,,,,,,,,,,,,,,,,,,,,,,,,,,,4,,,106,,,5,6,42,16,28,55,1,21,6,39,167,2,10,37,44,19,87,5,9,4,16,4,2,13,21,14,70,61,31,14,10,3,7,18,992
Cambodia,,,,,,,,,,,,,,,,,,,,,,,,,,,,,,,,,,,,,,,,,,,,0,0,0,,,,,1,,,,,,,,,,,,,,,,,,,,,,,2
Canada,38,55,268,76,210,190,294,336,544,119,67,300,188,213,253,111,92,58,193,163,188,285,318,113,113,82,259,138,179,167,136,109,240,99,78,84,237,246,125,34,79,93,139,144,164,254,146,96,37,78,67,112,159,306,309,218,216,314,219,165,219,291,248,160,173,321,94,63,115,221,110,118,171,12615
Chad,,,,,,,,,,,,,,,,,,,,,,,,,,,,,,,,,,,,,,20,,,,,,,,,,,,,,,,,,,,,,,,,,,,,,,,,,,,20
Chile,,,,,,,,,,,,,,,,,,,,,,,,,,0,,,0,,0,0,,1,,,3,3,4,4,,3,8,,,,29,,2,1,1,,1,,,,,,100,,,,,,20,,,,0,,,,,181
China,,,,,3,,39,30,483,403,285,35,47,12,68,387,619,412,730,657,893,1296,1242,665,516,669,588,231,618,561,950,660,1511,1764,1936,1296,1868,2622,1428,1046,949,1313,675,1415,1077,1009,766,427,350,329,310,514,527,704,411,337,722,510,607,1133,1472,1266,1520,2059,1308,1800,2449,1617,1372,1585,704,1462,2017,61283
Colombia,,,,,,,,,,,,,,,,,,,,,,,,,,,,,,,,,,,,,,,,,,,,,,,,,,,,,5,,,,,,,,,,0,,,,,10,,10,4,,,30
Costa Rica,,,,,,,,,,,,,,,,,,,,,,,,,,,,,,,,,,,,,,,,,,,,,,,,,,,,,,,,,,,0,3,,,,,,,,,,,,,,3
Cote d'Ivoire,,,,,,,,,,,,,,,,,,,,,,1,,,,,,,,,,,,,,,,,,,,,,,,,,,,,,,,,,,,,,,,,,,,,,,1,,,,,2
Croatia,,,,,,,,,,,,,,,,,,,,,,,,,,,,,,,,,,,,,,,,,,,,,,,,,,,2,,,,,,,,,,,,,,,,,3,,,,,4,9
Cuba,,,,,,,,2,6,,,,,,,,,,,,,,,,,1,,,12,10,8,,,,,,,,,,,,,,,,,,,,,,,,,,,,,,,,,,,,,,,,,,,40
Cyprus,,,,,,,,,,,,,,,,,,,,,,,,,,,,,,,,,,,,,,,,,,,,,,,34,,,,,,,,,,,,,,,,,,,,,,,,,,,34
Czechia,,,,,,,,,,,,,,,,,,,,,,,,,,,,,,,,,,,,,,,,,,,,199,318,143,123,24,20,57,81,88,59,65,1,70,44,32,33,23,5,10,8,40,26,150,151,88,90,32,31,5,116,2131
Czechoslovakia,17,15,15,9,188,1331,1871,2191,1530,940,661,200,173,137,266,324,426,448,505,666,434,419,647,670,884,735,824,840,864,814,788,929,920,1040,1107,1035,1237,1295,1353,1058,624,422,217,,,,,,,,,,,,,,,,,,,,,,,,,,,,,,,31066
Denmark,,,,,,,,,,,20,,,,60,12,,128,24,,,,,,,24,,,,,18,29,64,115,,,,117,36,,80,8,,183,272,16,,,,3,18,,10,2,,,5,6,8,10,8,26,26,8,19,22,21,13,25,2,,24,67,1526
Dominican Republic,,,,,,,,,,,,,,,,,,,,,,,,,,,,,,,,,,,,,,,,,,,,,,,,,,,,,,,,,,,,,,,,,,,,4,,,,,,4
DR Congo,,,,,,,,,,,,,,,,,,,,,,,,,,,,,,1,,,,,,,,,,,,,,,,,,22,,,,,,,,,,,,,,,,,,,,,,,,,,23
East Germany (GDR),,,,,,,,,,,17,25,17,29,39,26,,,,,,,,,11,,12,25,15,35,34,43,3,,,,39,116,116,149,77,,,,,,,,,,,,,,,,,,,,,,,,,,,,,,,,,827
Ecuador,,,,,,,,,,,,,,,,,,,,,,,,,,,,,,,,,,,,,,,,,,,,,,,,,,,,,,,,,,,,,,,,,6,,,,2,,,,,8
Egypt,,,,,,,9,22,4,4,,0,7,8,1,,13,15,26,15,39,,,,,16,,67,78,13,29,77,81,71,37,5,19,61,66,66,25,,15,28,17,12,5,5,,,,,,,,,,,,,,,,,7,21,,,,3,,41,41,1069
Eritrea,,,,,,,,,,,,,,,,,,,,,,,,,,,,,,,,,,,,,,,,,,,,,,,,,2,0,,,,,,,0,,,,,,,,,,,,,,,,,2
Estonia,,,,,,,,,,,,,,,,,,,,,,,,,,,,,,,,,,,,,,,,,,,,,,,8,,,,,,,,,,,,,,,,,,,0,,,,,,,6,14
Ethiopia,,,,,,,,,,,,,,,,,,,,,,,,,,,,,,,,,,,,35,,51,,,,,,,,,,17,,,,,,,,,,,,,,,,,,,,,,,,,,103
European Union**,,,,,,,,,,,,,,,,,,,,,,,,,,,,,,,,,,,,,,,,,,,,,,,,,,,,,,,,,,,,,,,,,,,,,,0,,,,0
Fiji,,,,,,,,,,,,,,,,,,,,,,,,,,,,,,,,,,,10,,,,,,,,,,,,,,,,,,,,,,,,,,,,,,,,,,,,,,,10
Finland,,,,,25,,,,,75,75,1,1,,,1,62,33,33,33,32,39,30,,63,63,,,63,63,,,15,,,,,,1,,,18,9,12,20,25,3,1,17,20,12,31,35,35,27,38,121,60,97,63,69,61,99,69,93,26,54,28,39,25,12,15,29,1969
FMLN (El Salvador)*,,,,,,,,,,,,,,,,,,,,,,,,,,,,,,,,,,,,,,,,,,1,,,,,,,,,,,,,,,,,,,,,,,,,,,,,,,,1
France,9,67,43,263,279,413,930,661,789,799,931,978,1015,1297,1487,1268,1769,1627,1554,1561,1734,2315,2646,2948,2145,2293,2032,2703,3253,2937,3812,3727,3798,3446,2958,4015,2979,1752,1938,2288,1820,1191,1206,961,857,954,1857,3194,3127,1762,1023,1378,1387,1365,2150,1664,1502,2168,1884,1863,864,2234,1308,1780,1755,2263,2155,2355,1998,3612,2378,3853,3021,136347
Gabon,,,,,,,,,,,,,,,,,,,,,,,,1,,,,,,,,,,,,,,,,,,,,,,,,,,,,,,,,,,,,,,,,,,,,,,,,,,1
Georgia,,,,,,,,,,,,,,,,,,,,,,,,,,,,,,,,,,,,,,,,,,,,,,,,,,46,69,,69,,16,,,,,,,,,,,,6,7,,,,,,213
Germany,,,,38,29,24,24,44,25,93,156,12,147,134,438,328,712,772,589,875,1581,1357,1359,224,1189,1422,1655,1925,1602,1420,1589,1900,1516,2216,2839,1331,1384,929,1397,1287,1856,2446,1526,1559,2931,1552,1975,957,1830,1885,1653,918,924,1652,1102,2086,2490,3302,2392,2212,2373,1217,730,786,1822,1820,2529,1866,1106,1020,1172,938,1510,90701
Ghana,,,,,,,,,,,,,,,,,,,,,,,,,,,,,,6,,,,,,,,,,,,,,,,,,,,,,,,,,19,,,,,,,,,,,,,,,,,,25
Greece,,,,,,,,,,,,,,,7,1,,,,,,,,,,,,,,,,,,,,,,,,,,,15,10,18,,19,31,9,3,2,2,,6,22,13,23,,,,,,,,,,,30,,,,,7,217
Guatemala,,,,,,1,,,,,,,,,,,,,,,,,,,,,,,,,,,,,,,,,,,,,,,,,,,,,,,,,,,,,,,,,,,,,,,,,,,,1
Guyana,,,,,,,,,,,,,,,,,,,,,,,,,,,2,,,,,,,,,,,,,,,,,,,,,,,,,,,,,,,,,,,,,,,,,,,,,,,2
Hungary,,,,,,,,5,,,,,,,,,18,18,37,28,,,8,44,8,8,,,,,4,30,4,4,,,,,,,,,,21,,6,,24,,,,,34,,,82,,9,,,,,,41,,,,,,,,,,429
Iceland,,,,,,,,,,,,,,,,,,,,,,,,,,,,,,,0,,,,,,,,,,,,,5,,,,,,,,,,,,,,,,,,,,,,,,,,,,,,5
India,,,,,,,,,,1,,,,,,,,,1,,,7,2,21,24,31,,,27,22,,,2,,,,,0,1,0,7,0,3,9,2,2,0,0,0,0,21,2,0,4,31,19,33,23,15,27,5,3,,18,40,42,49,56,47,18,151,33,11,808
Indonesia,,,,,,,,,,,,,,7,,,,,,,12,,,,,,,,9,,4,,,,,8,4,,,,,,,18,18,27,,9,,54,,18,54,,27,9,9,,1,,,4,,,,,85,94,15,9,,17,,510
Iran,,,1,,,,,,,,,,3,,,,,28,,,23,6,106,6,129,81,,,,,0,0,0,0,1,1,1,1,1,1,0,1,1,1,0,1,2,0,0,0,0,0,3,9,1,2,75,,43,45,45,83,21,12,47,15,5,20,,,,0,123,942
Iraq,,,,,,,,0,,,3,,,,,,,,,,,,,,,,,,,,28,,,,,,,,168,20,,,,,,,,,,,,,,,,,,,,,,,,,,,,,,,,,,219
Ireland,,,,,,,,,,,,,,,,,,,,,,,,,,,,,2,9,9,2,,,,,,,,,,,,,,,,,,,,,,,,24,48,47,41,41,38,1,40,40,21,10,,,,,,13,46,434
Israel,,,,,8,30,,4,,23,,,,,5,10,14,13,23,28,9,21,31,12,45,109,54,195,204,184,264,215,254,409,281,207,347,142,75,209,86,141,300,346,296,154,282,231,215,166,371,441,457,376,579,476,391,558,375,746,644,548,462,410,386,562,1226,1187,1122,348,381,543,831,19062
Italy,121,106,24,1,11,140,263,284,239,8,105,246,262,241,385,296,243,149,192,325,280,395,296,328,422,512,523,505,656,1310,1169,1713,1677,1109,1226,868,223,621,384,324,200,354,249,341,208,301,291,451,425,521,205,269,476,362,259,830,541,722,434,508,555,965,784,922,677,687,621,717,539,384,848,1673,1825,37328
Japan,,,,,2,110,38,112,3,41,1,61,100,8,14,,5,,,31,,15,9,36,55,,,,9,11,167,,,17,17,44,92,,,15,30,54,101,122,130,126,165,25,,,,,,,,,,40,,,,,,,,,,2,3,,,,13,1824
Jordan,,,,,,,,,,2,,,,,,,,,,,,36,,22,23,50,,18,,,,,,76,,2,7,,7,64,,,,,65,,,6,,,,,,,43,22,,13,13,28,117,,21,33,114,16,18,80,1,100,66,80,51,1193
Kazakhstan,,,,,,,,,,,,,,,,,,,,,,,,,,,,,,,,,,,,,,,,,,,,,,13,12,3,6,183,19,12,,,5,,6,,,,,,,,,,,,,,,,,261
Kenya,,,,,,,,,,,,,,,,,,,,,,,,,,,,,,,,8,,,,,,,,,,2,,2,,,,,,,,,,,,,,,,,,,,,,,,,,,,,,12
Kuwait,,,,,,,,,,,,,,,,,,3,,,,,,,,,,,,,27,,,,4,,,,,,,,,,,,,,95,,,,,,,,,,,,,,,,,,,,,,,,,128
Kyrgyzstan,,,,,,,,,,,,,,,,,,,,,,,,,,,,,,,,,,,,,,,,,,,,,,57,,,,,,,,92,,,18,18,14,,,,,,,4,5,5,,,,,,214
Latvia,,,,,,,,,,,,,,,,,,,,,,,,,,,,,,,,,,,,,,,,,,,,,9,,,,,,,,,,,,,,,,,,,,,,,,,,,,10,18
Lebanon,,,,,,,,,,,,,,,,,,1,,,,,,,,,,,,,,,,,,,,,,,,1,,,,,,,,,,,48,,,,,,,,,,,,,,,,,,,,,50
Libya,,,,,,,,,,,,,,,,,,,,,,,0,0,,26,4,,8,395,95,107,168,14,54,33,10,14,64,7,36,,,,3,,,3,10,,,,21,16,113,113,18,9,17,32,27,0,,,,,,,,,,,,1415
Libya HoR*,,,,,,,,,,,,,,,,,,,,,,,,,,,,,,,,,,,,,,,,,,,,,,,,,,,,,,,,,,,,,,,,,,,1,,0,,,,,1
Lithuania,,,,,,,,,,,,,,,,,,,,,,,,,,,,,,,,,,,,,,,,,,,,,,,,,,,,,3,,,,,,,,,,,,,,,,60,,,2,29,94
Luxembourg,,,,,,,,,,,,,,,,,,,,,,,,,,,,,,,,,,,,,,,,,,,,,,,,,,,,,,,,,,0,,,,,,,,,,,,,,,0,1
Malawi,,,,,,,,,,,,,,,,,,,,,,,,,,,,,,,,,,,,,,,,,,,,,,,,,,,1,,,,,,,,,,,,,,,,,,,,,,,1
Malaysia,,,,,,,,,,,,,,,,,,,,,,7,,,,,,,,,,,6,,,,,3,,,,,,,,0,,,,11,,,,,,,,,,0,,,,15,15,,,,,1,,,,59
Malta,,,,,,,,,,,,,,,,,,,,,,,,,,,,,,,,,,,,,,,,,,,,,,,,,,,,,,,10,,,,,,,,,,,5,,,,,,,,15
Mexico,,,,4,,,,,,,,,,,,,,,,,,,,,,,,,,,,,,,,,,,,,,,,,,,,,,,,,,,,,,,,,,,,,,,,,,1,,,,5
Moldova,,,,,,,,,,,,,,,,,,,,,,,,,,,,,,,,,,,,,,,,,,,11,,36,,,217,,,6,42,60,13,,18,3,19,29,20,,11,,,,,,,,,,,,487
Montenegro,,,,,,,,,,,,,,,,,,,,,,,,,,,,,,,,,,,,,,,,,,,,,,,,,,,,,,,,,71,109,,,18,,,,,,,0,,,,,,198
Morocco,,,,,,,,,,,,,2,,,,,,,6,,,,,,,,,6,,,,,,,,,,,,,,,,,,,,,,,,,,,,,,,,,,,,,,,,,,,,21,35
Mozambique,,,,,,,,,,,,,,,,,,,,,,,,,,,,1,,,,,,,,,,,,,,,,,,,,,,,,,,,,,,,,,,,,,,,,,,,,,,1
Mujahedin (Afghanistan)*,,,,,,,,,,,,,,,,,,,,,,,,,,,,,,,,,,,,,,,,,,,1,,,,,,,,,,,,,,,,,,,,,,,,,,,,,,,1
Netherlands,199,63,20,7,72,255,9,8,51,43,35,108,65,45,93,39,139,95,351,113,5,161,133,206,83,148,293,448,235,243,612,801,661,457,364,180,356,505,776,558,416,455,366,458,628,458,484,608,620,355,281,199,233,331,202,504,1143,1219,452,500,366,541,869,384,638,469,484,1067,466,301,462,347,295,25632
New Zealand,,,,,,,,,,,,,,,,,,1,1,0,,,0,2,5,3,,,,,,1,2,,10,7,0,,,,,34,4,,3,,,,,1,1,,1,,1,0,,,,,,,75,,,1,6,,9,,,,20,186
Nicaragua,,,,,,1,,,2,,,,,,,,,,,,,,,,,,,,,,,,,,,,,,,2,2,,72,17,,5,,,,,,,,,,,,,,,,,,,,,,,,,,,,101
Niger,,,,,,,,,,,,,,,,,,,,,,,,0,,,,,,,,,,,,,,,,,,,,,,,,,,,,,,,,,,,,,,,,,,,,,,,,,,0
Nigeria,,,,,,,,,,,,,,,,,,,,,,,,,,,,,,,,,,,,,,,,2,3,,,,,,,,,,0,,,,,,,,,,,,,,,,,,,,,2,3,10
North Korea,,,,,,,,,,,,,,,,,,,,,,,,,8,12,,,,20,29,5,148,250,88,57,65,212,189,66,4,113,131,137,24,41,47,47,81,55,58,73,162,134,47,20,20,20,20,26,5,,,,1,,,,,,,,,2410
North Macedonia,,,,,,,,,,,,,,,,,,,,,,,,,,,,,,,,,,,,,,,,,,,,,,,,,,,,,,,,,,,,,,,,,,,,,,,,,31,31
North Yemen,,,,,,,,,,,,,,,,,,,,,,,,,,,,,,,,,,,,3,,,,,,,,,,,,,,,,,,,,,,,,,,,,,,,,,,,,,,3
Norway,2,30,,8,,,,,,8,38,,25,55,67,65,80,140,65,53,,4,29,10,,8,8,8,87,153,152,268,66,35,,42,29,54,34,127,85,170,82,51,64,21,4,19,3,5,3,42,92,101,66,6,17,58,108,151,159,150,169,173,163,217,129,146,59,31,72,119,88,4572
Oman,,,,,,,,,,,,,,,,,,,,,,,,,,,,5,,,,,,,,,5,,,,,,,,0,,,,,,,,,,,1,,,,,,,,,,,,7,,,,,,19
Pakistan,,,,,,,,,,,,,,,,,,6,,,,3,,,,,,,,,15,30,30,,,,,,,1,82,3,,,2,,,,,,3,,9,8,9,24,4,,1,,,,,,,,1,3,2,1,,53,,289
Panama,,,,,,,,,,,,,,,,,,,,,,,,,,,,,,2,,,,,,,,,,,,,,,,,,,,,,,,,,,,,,,,,,,,,,,,1,,,,3
Peru,,,,,,,,,,,,,,,,,,,,,,,,,,,,,,,,,50,,,,,,,,,,,,,,,,,,,14,,,5,,,,,,,,,,,,,,,,,,,70
Philippines,,,,,,,,,,,,,,,,,,,,,,,,,,,,,,,,,,,,,1,,,,,,,,,,,,,,,,,,,,,4,,,,,,,,,,,,,,,,5
Poland,,,,,,,,,,,5,5,12,111,237,234,319,309,288,323,268,278,276,158,232,299,408,383,319,230,209,348,213,117,91,131,265,222,232,20,105,55,56,,133,179,46,21,1,65,47,81,56,83,47,18,282,163,73,75,28,8,27,142,24,2,5,10,24,10,0,3,452,8863
Portugal,,,,,,,,,,,,,,,,,,2,,,,3,,5,11,105,21,,4,4,2,,,1,,,1,1,,71,,,,1,,,,,,,,,,,,,,,99,46,,0,0,,18,7,172,56,3,3,46,11,2,695
Qatar,,,,,,,,,,,,,,,,,,,,,,,,,,,,,,,,,,,,,,,,,,,,40,,,,,,9,,,,,,,2,,,,,0,,,,,,,3,11,,13,,78
Romania,,,,,,,,,,,,,,,,,,,,,,6,9,9,1,,,,27,44,48,30,91,101,173,99,28,35,52,25,7,5,14,16,29,9,4,11,2,19,3,,,24,,3,8,32,,2,1,0,,216,,,,,,,,,,1180
Russia,,,,,,,,,,,,,,,,,,,,,,,,,,,,,,,,,,,,,,,,,,,2596,3431,1468,3799,3544,3341,2030,4255,4454,5336,5802,5139,6253,5129,5117,5495,5953,5071,6158,8679,8171,7923,5467,5927,6811,6199,7173,5627,3904,2857,2820,155926
Saudi Arabia,,,,,,0,,,,,,,,,,,,4,3,,,,2,,,,0,13,,,,33,,,6,4,,,,,,,,12,,,1,,,,,,,,,,18,,,,1,62,,,,3,5,,,,,,,167
Senegal,,,,,,,,,,,,,,,,,,,,,,,,,,,3,,,,,,,,,,,,,,,,,,,,,,,,,,,,,,,,,,,,,,,,,,,,,,,3
Serbia,,,,,,,,,,,,,,,,,,,,,,,,,,,,,,,,,,,,,,,,,,,,,,,20,5,,,,16,,,,,5,5,45,0,31,4,10,10,10,35,29,3,27,26,34,3,,320
Seychelles,,,,,,,,,,,,,,,,,,,,,,,,,,,,,,,,,,,,,,,,,,,,,,1,,,,,,,,,,,,,,,,,,,,,,,,,,,,1
Singapore,,,,,,,,,,,,,,,,,,,,,,2,,,,17,,,29,72,,15,,25,88,,,81,25,87,44,3,3,11,30,,0,46,23,11,11,,4,,65,,,,,32,25,13,76,2,4,73,72,,,,24,72,,1084
Slovakia,,,,,,,,,,,,,,,,,,,,,,,,,,,,,,,,,,,,,,,,,,,,178,38,99,62,58,10,125,37,54,33,,46,,7,22,8,,,,4,1,8,3,18,22,12,2,3,,71,919
Slovenia,,,,,,,,,,,,,,,,,,,,,,,,,,,,,,,,,,,,,,,,,,,,,,,,,,,,,,,,,,,,,,,,,,,9,,,,,,38,47
South Africa,,,,,,,,,,8,27,33,,,,,,8,,13,2,7,22,1,2,28,19,0,,,49,49,1,,,25,25,28,25,0,,54,75,54,13,17,31,7,22,28,20,37,22,47,72,35,199,137,141,107,243,74,193,111,63,67,82,96,90,109,111,89,48,2865
South Korea,,,,,,,,,,,,,,,,,,,,,,,141,,,,,,,105,105,130,65,,126,28,73,,54,48,72,118,,60,7,27,24,25,32,,10,235,,96,74,109,158,278,110,224,177,328,203,350,220,94,473,738,1054,682,772,544,209,8376
South Vietnam,,,,,,,,,,,,,,,,,,,,,4,,,,,,,,,,,,,,,,,,,,,,,,,,,,,,,,,,,,,,,,,,,,,,,,,,,,,4
South Yemen,,,,,,,,,,,,,,,,,,,,,,,,,,6,,,,,,,,,,,51,,,,,,,,,,,,,,,,,,,,,,,,,,,,,,,,,,,,,57
Soviet Union,3974,3602,5883,8534,8625,5762,6334,6645,7946,7846,6421,6193,7612,6995,8914,8626,10307,11670,11191,9853,9599,11160,13303,15533,15198,11260,9569,15110,17456,16731,17929,16978,16306,14821,14208,14470,14839,13475,12423,11784,10053,5649,,,,,,,,,,,,,,,,,,,,,,,,,,,,,,,,450786
Spain,,,,,,,,,,,1,5,6,6,7,21,21,7,7,6,70,140,4,4,84,267,46,25,38,18,10,132,260,370,244,93,198,158,143,177,117,105,71,104,254,89,113,634,174,46,47,8,18,99,54,113,898,628,626,984,273,997,266,450,962,977,480,820,705,308,971,594,950,16503
Sri Lanka,,,,,,,,,,,,,,,,,,,,,,,,,,,,,,,,,,,,,,,,,,,,,,,,,8,,,,,,,,,,,,,,,,,,,,,,,,,8
Sudan,,,,,,,,,,,,,,,,,,1,,,,,,,,,,,,,,,,,,,4,,,,,,,,,,,,,,,,,,,,,,,,,,,11,,,,,,,,,,16
Sweden,27,46,64,165,21,105,96,111,280,15,38,45,44,13,22,32,56,55,60,36,251,530,123,15,75,123,70,54,55,261,156,128,119,117,227,214,322,233,515,403,228,156,149,103,111,226,348,104,337,387,360,896,163,515,295,531,387,331,454,409,660,698,478,387,341,181,264,81,154,215,282,332,68,15949
Switzerland,,,,,,,,,,49,435,493,524,337,379,484,367,262,91,105,18,42,34,54,89,395,480,260,196,455,533,554,411,331,528,347,345,312,370,319,468,497,452,235,176,146,195,126,214,282,186,221,178,198,279,266,310,308,471,238,260,326,235,194,337,482,217,175,243,215,174,118,175,18190
Syria,,,,,,,,,,,,,,,,,,,,,17,,,,2,2,,0,,,,,178,46,1,29,31,,15,,,,40,40,,,0,0,,,,,,,,,3,,,20,20,,,,,,,,,,,,,443
Taiwan,,,,,,,,,,,,,,,,,,12,,,,,154,,,,,,,1,,,,,,,,,,42,6,,,,,,4,5,,,,6,0,,,,,,,16,,,2,,,4,2,2,,2,2,3,,265
Thailand,,,,,,,,,,,,,,,,,,,,,,,,,,,,,,,,,,,,,,,,,,,,,,,,,,,,,,7,7,,79,,,,,,,,,,2,2,,1,,3,,102
Turkiye,,,,,,,0,,,,,,,,,,,,,,,,,,,,,,,,23,11,,,,,,,,,,,,,,3,3,0,3,44,20,5,27,43,28,23,65,83,118,64,70,90,141,138,154,223,242,179,249,248,251,438,398,3385
UAE,,,,,,,,,,,,,,,,,,,,,,,,,8,,,,,,,,,14,,,22,1,,,2,,,,,28,6,37,,,,,,,3,11,17,3,,34,39,3,70,108,87,142,95,101,114,128,191,57,12,1332
Uganda,,,,,,,,,,,,,,,,,,,0,,,,,,,,,,,,,,,,,,,,,,,,,,,,,,,,,,,,,,,,,,,,,,,,4,,,,,,,4
Ukraine,,,,,,,,,,,,,,,,,,,,,,,,,,,,,,,,,,,,,,,,,,,165,82,236,167,234,558,708,732,270,512,310,313,196,288,524,635,399,442,513,566,1491,683,630,299,455,375,254,165,116,147,50,12513
United Kingdom,2285,3468,3253,4607,4473,4808,6012,5026,3950,3442,2246,1270,1140,1283,1395,1470,1369,1988,1647,1790,927,2252,2512,2768,2353,2441,2513,2208,2220,1539,1589,2365,2514,2596,2567,2142,1973,3594,2519,3515,1851,1515,1098,1389,1522,1460,1618,2359,1387,1310,1601,1359,1076,769,1217,1001,954,920,927,1073,1151,1007,816,1493,1658,1177,1339,1117,683,910,625,656,1504,144569
United Nations**,,,,,,,,,,,,,,,0,,,,,,,,,,,,,,,,,,,,,,,,,,,,,,,,,,,,,,,,,,,,,,,,,,,,,,,,,,,0
United States,1388,4057,6944,9814,6099,7190,8573,8587,9564,7437,6132,6290,6130,9360,12316,11301,8402,7236,8405,11806,8980,11742,10808,12031,12904,15858,15798,14510,13899,9909,10738,13628,13988,13950,11864,10781,11604,12180,11858,11314,10606,12489,14090,13770,11480,11182,10839,14500,15708,11543,7651,5592,4853,5624,6834,6766,7552,7972,7144,7202,8336,8941,8999,7607,9588,9918,9769,11732,9674,10888,9426,10994,14515,729161
unknown supplier(s),23,12,,,,2,17,17,17,17,17,19,5,1,1,14,1,12,,0,,3,12,4,7,15,7,1,12,31,30,42,21,9,2,7,42,2,8,6,10,9,3,38,53,1,75,11,4,3,11,16,16,10,13,49,9,0,35,9,30,8,14,10,26,12,5,6,4,11,3,29,40,1007
Uruguay,,,,,,,,,,,6,,,,,,,,,,,,,,,,,,,,,,,,,,,,,,,,,,,,,,,,1,,,,,,,,,,,,,,,,,,,,,,,7
Uzbekistan,,,,,,,,,,,,,,,,,,,,,,,,,,,,,,,,,,,,,,,,,,,,,,,,,,,,,,252,126,4,,,,209,209,209,,,,34,68,,,,,,,1111
Venezuela,,,,,,,,,,,,,,,,,,,,17,,,,,,13,,,,,,,,,,,,0,,,,,,,,,,,,,,,,,1,,7,,3,40,,,,,,,,,,,,,,80
Viet Nam,,,,,,,,,,,,,,,,,,,,,,,0,,,,,,,,,,,,,,,11,,,,,,,,,,,,,,,,,,,14,,,,,,,,,,,,10,,,,,36
Yugoslavia,,,,,,,17,,71,,6,,,,23,23,,,,21,3,21,,35,,14,65,71,45,25,103,103,22,47,71,94,8,2,16,18,80,480,,,,,,,,,,,,,,,,,,,,,,,,,,,,,,,,1482
Zambia,,,,,,,,,,,,,,,,,,,,,,,,,,,,,,,,,,,,,,,,,2,,,,,,,,,,,,,,,,,,,,,,,,,,,,,,,,,2
Zimbabwe,,,,,,,,,,,,,,,1,,,,,,,,,,,,,,,,,,,,,,,,,,,,,,,,,,,,,4,,,,,,,,,,,,,,,,,,,,,,5
,,,,,,,,,,,,,,,,,,,,,,,,,,,,,,,,,,,,,,,,,,,,,,,,,,,,,,,,,,,,,,,,,,,,,,,,,,,
Total,8083,11520,16552,23525,20043,20485,24554,24083,25505,21373,17734,16334,17537,20291,26483,25073,25047,25515,26028,28574,25388,32591,34274,35999,36812,37324,35471,39953,42469,38033,41698,45400,45656,44049,41717,38184,39095,39435,36671,35280,30424,28235,24073,25727,22916,22855,23705,28815,27712,25097,19303,18689,17681,18963,21181,21294,24377,26522,24123,24365,25724,29901,27809,27247,27195,28484,31213,31438,27807,27607,24000,26792,31983,2033095
